{
    "version": "2023-08-31",
    "name": "meta-llama-Llama-2-7b-chat-hf_550_150_summary",
    "model": "meta-llama/Llama-2-7b-chat-hf",
    "mean_input_tokens": 550,
    "stddev_input_tokens": 150,
    "mean_output_tokens": 150,
    "stddev_output_tokens": 10,
    "num_concurrent_requests": 1,
    "results_inter_token_latency_s_quantiles_p25": 0.04279312721064719,
    "results_inter_token_latency_s_quantiles_p50": 0.042925594604300926,
    "results_inter_token_latency_s_quantiles_p75": 0.04305806199795466,
    "results_inter_token_latency_s_quantiles_p90": 0.0431375424341469,
    "results_inter_token_latency_s_quantiles_p95": 0.043164035912877645,
    "results_inter_token_latency_s_quantiles_p99": 0.04318523069586224,
    "results_inter_token_latency_s_mean": 0.042925594604300926,
    "results_inter_token_latency_s_min": 0.042660659816993456,
    "results_inter_token_latency_s_max": 0.04319052939160839,
    "results_inter_token_latency_s_stddev": 0.0003746743693546513,
    "results_ttft_s_quantiles_p25": 0.9312940207500002,
    "results_ttft_s_quantiles_p50": 0.9332735415000002,
    "results_ttft_s_quantiles_p75": 0.9352530622500002,
    "results_ttft_s_quantiles_p90": 0.9364407747000001,
    "results_ttft_s_quantiles_p95": 0.9368366788500001,
    "results_ttft_s_quantiles_p99": 0.9371534021700001,
    "results_ttft_s_mean": 0.9332735415000002,
    "results_ttft_s_min": 0.9293145000000003,
    "results_ttft_s_max": 0.9372325830000001,
    "results_ttft_s_stddev": 0.005598930183297818,
    "results_end_to_end_latency_s_quantiles_p25": 6.264297333,
    "results_end_to_end_latency_s_quantiles_p50": 6.352020708,
    "results_end_to_end_latency_s_quantiles_p75": 6.439744083000001,
    "results_end_to_end_latency_s_quantiles_p90": 6.4923781080000005,
    "results_end_to_end_latency_s_quantiles_p95": 6.509922783,
    "results_end_to_end_latency_s_quantiles_p99": 6.523958523,
    "results_end_to_end_latency_s_mean": 6.352020708,
    "results_end_to_end_latency_s_min": 6.1765739580000005,
    "results_end_to_end_latency_s_max": 6.527467458,
    "results_end_to_end_latency_s_stddev": 0.24811917332428163,
    "results_request_output_throughput_token_per_s_quantiles_p25": 23.22384814529477,
    "results_request_output_throughput_token_per_s_quantiles_p50": 23.295702811294433,
    "results_request_output_throughput_token_per_s_quantiles_p75": 23.367557477294092,
    "results_request_output_throughput_token_per_s_quantiles_p90": 23.41067027689389,
    "results_request_output_throughput_token_per_s_quantiles_p95": 23.42504121009382,
    "results_request_output_throughput_token_per_s_quantiles_p99": 23.436537956653765,
    "results_request_output_throughput_token_per_s_mean": 23.295702811294433,
    "results_request_output_throughput_token_per_s_min": 23.15199347929511,
    "results_request_output_throughput_token_per_s_max": 23.43941214329375,
    "results_request_output_throughput_token_per_s_stddev": 0.20323568635301603,
    "results_number_input_tokens_quantiles_p25": 548.75,
    "results_number_input_tokens_quantiles_p50": 559.5,
    "results_number_input_tokens_quantiles_p75": 570.25,
    "results_number_input_tokens_quantiles_p90": 576.7,
    "results_number_input_tokens_quantiles_p95": 578.85,
    "results_number_input_tokens_quantiles_p99": 580.57,
    "results_number_input_tokens_mean": 559.5,
    "results_number_input_tokens_min": "538",
    "results_number_input_tokens_max": "581",
    "results_number_input_tokens_stddev": 30.405591591021544,
    "results_number_output_tokens_quantiles_p25": 145.5,
    "results_number_output_tokens_quantiles_p50": 148.0,
    "results_number_output_tokens_quantiles_p75": 150.5,
    "results_number_output_tokens_quantiles_p90": 152.0,
    "results_number_output_tokens_quantiles_p95": 152.5,
    "results_number_output_tokens_quantiles_p99": 152.9,
    "results_number_output_tokens_mean": 148.0,
    "results_number_output_tokens_min": "143",
    "results_number_output_tokens_max": "153",
    "results_number_output_tokens_stddev": 7.0710678118654755,
    "results_num_requests_started": 2,
    "results_error_rate": 0.0,
    "results_number_errors": 0,
    "results_error_code_frequency": "{}",
    "results_mean_output_throughput_token_per_s": 21.33681116896677,
    "results_num_completed_requests": 2,
    "results_num_completed_requests_per_min": 8.650058582013555,
    "timestamp": 1718272091
}