{
    "version": "2023-08-31",
    "name": "meta-llama-Llama-2-7b-chat-hf_550_150_summary",
    "model": "meta-llama/Llama-2-7b-chat-hf",
    "mean_input_tokens": 550,
    "stddev_input_tokens": 150,
    "mean_output_tokens": 150,
    "stddev_output_tokens": 10,
    "num_concurrent_requests": 1,
    "results_inter_token_latency_s_quantiles_p25": 0.034720594084768505,
    "results_inter_token_latency_s_quantiles_p50": 0.03477940492907827,
    "results_inter_token_latency_s_quantiles_p75": 0.03483821577338805,
    "results_inter_token_latency_s_quantiles_p90": 0.034873502279973906,
    "results_inter_token_latency_s_quantiles_p95": 0.034885264448835863,
    "results_inter_token_latency_s_quantiles_p99": 0.034894674183925424,
    "results_inter_token_latency_s_mean": 0.03477940492907827,
    "results_inter_token_latency_s_min": 0.03466178324045874,
    "results_inter_token_latency_s_max": 0.034897026617697814,
    "results_inter_token_latency_s_stddev": 0.00016634218727497603,
    "results_ttft_s_quantiles_p25": 0.8978640317800455,
    "results_ttft_s_quantiles_p50": 0.9216368545312434,
    "results_ttft_s_quantiles_p75": 0.9454096772824414,
    "results_ttft_s_quantiles_p90": 0.9596733709331602,
    "results_ttft_s_quantiles_p95": 0.9644279354833998,
    "results_ttft_s_quantiles_p99": 0.9682315871235915,
    "results_ttft_s_mean": 0.9216368545312434,
    "results_ttft_s_min": 0.8740912090288475,
    "results_ttft_s_max": 0.9691825000336394,
    "results_ttft_s_stddev": 0.06723969670127167,
    "results_end_to_end_latency_s_quantiles_p25": 5.052634770749137,
    "results_end_to_end_latency_s_quantiles_p50": 5.148300291504711,
    "results_end_to_end_latency_s_quantiles_p75": 5.243965812260285,
    "results_end_to_end_latency_s_quantiles_p90": 5.301365124713629,
    "results_end_to_end_latency_s_quantiles_p95": 5.320498228864745,
    "results_end_to_end_latency_s_quantiles_p99": 5.335804712185636,
    "results_end_to_end_latency_s_mean": 5.148300291504711,
    "results_end_to_end_latency_s_min": 4.956969249993563,
    "results_end_to_end_latency_s_max": 5.339631333015859,
    "results_end_to_end_latency_s_stddev": 0.27058295380803543,
    "results_request_output_throughput_token_per_s_quantiles_p25": 28.702315845254937,
    "results_request_output_throughput_token_per_s_quantiles_p50": 28.750968083815774,
    "results_request_output_throughput_token_per_s_quantiles_p75": 28.79962032237661,
    "results_request_output_throughput_token_per_s_quantiles_p90": 28.82881166551312,
    "results_request_output_throughput_token_per_s_quantiles_p95": 28.838542113225284,
    "results_request_output_throughput_token_per_s_quantiles_p99": 28.84632647139502,
    "results_request_output_throughput_token_per_s_mean": 28.750968083815774,
    "results_request_output_throughput_token_per_s_min": 28.653663606694096,
    "results_request_output_throughput_token_per_s_max": 28.848272560937453,
    "results_request_output_throughput_token_per_s_stddev": 0.1376093112251002,
    "results_number_input_tokens_quantiles_p25": 548.75,
    "results_number_input_tokens_quantiles_p50": 559.5,
    "results_number_input_tokens_quantiles_p75": 570.25,
    "results_number_input_tokens_quantiles_p90": 576.7,
    "results_number_input_tokens_quantiles_p95": 578.85,
    "results_number_input_tokens_quantiles_p99": 580.57,
    "results_number_input_tokens_mean": 559.5,
    "results_number_input_tokens_min": "538",
    "results_number_input_tokens_max": "581",
    "results_number_input_tokens_stddev": 30.405591591021544,
    "results_number_output_tokens_quantiles_p25": 145.5,
    "results_number_output_tokens_quantiles_p50": 148.0,
    "results_number_output_tokens_quantiles_p75": 150.5,
    "results_number_output_tokens_quantiles_p90": 152.0,
    "results_number_output_tokens_quantiles_p95": 152.5,
    "results_number_output_tokens_quantiles_p99": 152.9,
    "results_number_output_tokens_mean": 148.0,
    "results_number_output_tokens_min": "143",
    "results_number_output_tokens_max": "153",
    "results_number_output_tokens_stddev": 7.0710678118654755,
    "results_num_requests_started": 2,
    "results_error_rate": 0.0,
    "results_number_errors": 0,
    "results_error_code_frequency": "{}",
    "results_mean_output_throughput_token_per_s": 24.068302917015732,
    "results_num_completed_requests": 2,
    "results_num_completed_requests_per_min": 9.757420101492864,
    "timestamp": 1718297516
}